workerid	hitid	hittypeid	title	description	keywords	reward	creationtime	assignments	numavailable	numpending	numcomplete	hitstatus	reviewstatus	annotation	assignmentduration	autoapprovaldelay	hitlifetime	viewhit	assignmentid	workerid	assignmentstatus	autoapprovaltime	assignmentaccepttime	assignmentsubmittime	assignmentapprovaltime	assignmentrejecttime	deadline	feedback	reject	Answer.catch_trials	Answer.condition	Answer.time_in_minutes
0	3PUV2Q8SV44X6OZOGRMGA19478VBDS	3EVCCKXZAFB1C4B0PB5QNBO2ZX5JXS	Questions and Answers	Participate in a 1-2 minute &quotecharguessing game&quotechar study about how people ask and answer questions! We request that you do not accept this HIT if you have previously participated in one of our Question & Answer experiments.	language research stanford fun cognitive science university	$0.20	Thu Jan 29 20:47:02 PST 2015	50	0	0	0	Reviewable	NotReviewed	1 cond	1800	60000	Sat Feb 28 20:47:02 PST 2015	https://requester.mturk.com/mturk/manageHIT?HITId=3PUV2Q8SV44X6OZOGRMGA19478VBDS	3BGYGHDBBXKJ1LZ6QBEQ28AFUY1229	0	Submitted	Fri Jan 30 13:30:13 PST 2015	Thu Jan 29 20:49:10 PST 2015	Thu Jan 29 20:50:13 PST 2015						[]	{}	0.8110833333333334
1	3PUV2Q8SV44X6OZOGRMGA19478VBDS	3EVCCKXZAFB1C4B0PB5QNBO2ZX5JXS	Questions and Answers	Participate in a 1-2 minute &quotecharguessing game&quotechar study about how people ask and answer questions! We request that you do not accept this HIT if you have previously participated in one of our Question & Answer experiments.	language research stanford fun cognitive science university	$0.20	Thu Jan 29 20:47:02 PST 2015	50	0	0	0	Reviewable	NotReviewed	1 cond	1800	60000	Sat Feb 28 20:47:02 PST 2015	https://requester.mturk.com/mturk/manageHIT?HITId=3PUV2Q8SV44X6OZOGRMGA19478VBDS	3C44YUNSI1P2W2YSPY9JU49C2ZHDPF	1	Submitted	Fri Jan 30 13:30:23 PST 2015	Thu Jan 29 20:48:14 PST 2015	Thu Jan 29 20:50:23 PST 2015						[]	{}	2.073
2	3PUV2Q8SV44X6OZOGRMGA19478VBDS	3EVCCKXZAFB1C4B0PB5QNBO2ZX5JXS	Questions and Answers	Participate in a 1-2 minute &quotecharguessing game&quotechar study about how people ask and answer questions! We request that you do not accept this HIT if you have previously participated in one of our Question & Answer experiments.	language research stanford fun cognitive science university	$0.20	Thu Jan 29 20:47:02 PST 2015	50	0	0	0	Reviewable	NotReviewed	1 cond	1800	60000	Sat Feb 28 20:47:02 PST 2015	https://requester.mturk.com/mturk/manageHIT?HITId=3PUV2Q8SV44X6OZOGRMGA19478VBDS	3R0T90IZ1SCMEXZFMJOLGPD2G8JCGB	2	Submitted	Fri Jan 30 13:30:37 PST 2015	Thu Jan 29 20:48:29 PST 2015	Thu Jan 29 20:50:37 PST 2015						[]	{}	2.0892166666666667
3	3PUV2Q8SV44X6OZOGRMGA19478VBDS	3EVCCKXZAFB1C4B0PB5QNBO2ZX5JXS	Questions and Answers	Participate in a 1-2 minute &quotecharguessing game&quotechar study about how people ask and answer questions! We request that you do not accept this HIT if you have previously participated in one of our Question & Answer experiments.	language research stanford fun cognitive science university	$0.20	Thu Jan 29 20:47:02 PST 2015	50	0	0	0	Reviewable	NotReviewed	1 cond	1800	60000	Sat Feb 28 20:47:02 PST 2015	https://requester.mturk.com/mturk/manageHIT?HITId=3PUV2Q8SV44X6OZOGRMGA19478VBDS	3IGI0VL647KTXED4ZSA719GG6YNONR	3	Submitted	Fri Jan 30 13:31:17 PST 2015	Thu Jan 29 20:49:01 PST 2015	Thu Jan 29 20:51:17 PST 2015						[]	{}	2.2297333333333333
4	3PUV2Q8SV44X6OZOGRMGA19478VBDS	3EVCCKXZAFB1C4B0PB5QNBO2ZX5JXS	Questions and Answers	Participate in a 1-2 minute &quotecharguessing game&quotechar study about how people ask and answer questions! We request that you do not accept this HIT if you have previously participated in one of our Question & Answer experiments.	language research stanford fun cognitive science university	$0.20	Thu Jan 29 20:47:02 PST 2015	50	0	0	0	Reviewable	NotReviewed	1 cond	1800	60000	Sat Feb 28 20:47:02 PST 2015	https://requester.mturk.com/mturk/manageHIT?HITId=3PUV2Q8SV44X6OZOGRMGA19478VBDS	3NXNZ5RS1AX1N6HBHWA08MZ1BKX79M	4	Submitted	Fri Jan 30 13:32:36 PST 2015	Thu Jan 29 20:50:09 PST 2015	Thu Jan 29 20:52:36 PST 2015						[]	{}	2.3771
5	3PUV2Q8SV44X6OZOGRMGA19478VBDS	3EVCCKXZAFB1C4B0PB5QNBO2ZX5JXS	Questions and Answers	Participate in a 1-2 minute &quotecharguessing game&quotechar study about how people ask and answer questions! We request that you do not accept this HIT if you have previously participated in one of our Question & Answer experiments.	language research stanford fun cognitive science university	$0.20	Thu Jan 29 20:47:02 PST 2015	50	0	0	0	Reviewable	NotReviewed	1 cond	1800	60000	Sat Feb 28 20:47:02 PST 2015	https://requester.mturk.com/mturk/manageHIT?HITId=3PUV2Q8SV44X6OZOGRMGA19478VBDS	3NJM2BJS4W6SRASEP2E8AYRUHZ6CPF	5	Submitted	Fri Jan 30 13:35:19 PST 2015	Thu Jan 29 20:53:04 PST 2015	Thu Jan 29 20:55:19 PST 2015						[]	{}	2.20855
6	3PUV2Q8SV44X6OZOGRMGA19478VBDS	3EVCCKXZAFB1C4B0PB5QNBO2ZX5JXS	Questions and Answers	Participate in a 1-2 minute &quotecharguessing game&quotechar study about how people ask and answer questions! We request that you do not accept this HIT if you have previously participated in one of our Question & Answer experiments.	language research stanford fun cognitive science university	$0.20	Thu Jan 29 20:47:02 PST 2015	50	0	0	0	Reviewable	NotReviewed	1 cond	1800	60000	Sat Feb 28 20:47:02 PST 2015	https://requester.mturk.com/mturk/manageHIT?HITId=3PUV2Q8SV44X6OZOGRMGA19478VBDS	3NGI5ARFTT5847IG95POT283D2EP11	6	Submitted	Fri Jan 30 13:37:01 PST 2015	Thu Jan 29 20:55:15 PST 2015	Thu Jan 29 20:57:01 PST 2015						[]	{}	1.7421666666666666
7	3PUV2Q8SV44X6OZOGRMGA19478VBDS	3EVCCKXZAFB1C4B0PB5QNBO2ZX5JXS	Questions and Answers	Participate in a 1-2 minute &quotecharguessing game&quotechar study about how people ask and answer questions! We request that you do not accept this HIT if you have previously participated in one of our Question & Answer experiments.	language research stanford fun cognitive science university	$0.20	Thu Jan 29 20:47:02 PST 2015	50	0	0	0	Reviewable	NotReviewed	1 cond	1800	60000	Sat Feb 28 20:47:02 PST 2015	https://requester.mturk.com/mturk/manageHIT?HITId=3PUV2Q8SV44X6OZOGRMGA19478VBDS	304SM51WA346UXG03JM7UJQNMYDSB4	7	Submitted	Fri Jan 30 13:37:02 PST 2015	Thu Jan 29 20:55:17 PST 2015	Thu Jan 29 20:57:02 PST 2015						[]	{}	1.7214333333333334
8	3PUV2Q8SV44X6OZOGRMGA19478VBDS	3EVCCKXZAFB1C4B0PB5QNBO2ZX5JXS	Questions and Answers	Participate in a 1-2 minute &quotecharguessing game&quotechar study about how people ask and answer questions! We request that you do not accept this HIT if you have previously participated in one of our Question & Answer experiments.	language research stanford fun cognitive science university	$0.20	Thu Jan 29 20:47:02 PST 2015	50	0	0	0	Reviewable	NotReviewed	1 cond	1800	60000	Sat Feb 28 20:47:02 PST 2015	https://requester.mturk.com/mturk/manageHIT?HITId=3PUV2Q8SV44X6OZOGRMGA19478VBDS	3ZAZR5XV01IM5EUKCBCA1WT8RYCZCM	8	Submitted	Fri Jan 30 13:38:10 PST 2015	Thu Jan 29 20:55:05 PST 2015	Thu Jan 29 20:58:10 PST 2015						[]	{}	3.0448833333333334
9	3PUV2Q8SV44X6OZOGRMGA19478VBDS	3EVCCKXZAFB1C4B0PB5QNBO2ZX5JXS	Questions and Answers	Participate in a 1-2 minute &quotecharguessing game&quotechar study about how people ask and answer questions! We request that you do not accept this HIT if you have previously participated in one of our Question & Answer experiments.	language research stanford fun cognitive science university	$0.20	Thu Jan 29 20:47:02 PST 2015	50	0	0	0	Reviewable	NotReviewed	1 cond	1800	60000	Sat Feb 28 20:47:02 PST 2015	https://requester.mturk.com/mturk/manageHIT?HITId=3PUV2Q8SV44X6OZOGRMGA19478VBDS	3Y5140Z9DXGJ4DEEHCAUL1PPU4QPIU	9	Submitted	Fri Jan 30 13:38:14 PST 2015	Thu Jan 29 20:55:28 PST 2015	Thu Jan 29 20:58:14 PST 2015						[]	{}	2.7341
10	3PUV2Q8SV44X6OZOGRMGA19478VBDS	3EVCCKXZAFB1C4B0PB5QNBO2ZX5JXS	Questions and Answers	Participate in a 1-2 minute &quotecharguessing game&quotechar study about how people ask and answer questions! We request that you do not accept this HIT if you have previously participated in one of our Question & Answer experiments.	language research stanford fun cognitive science university	$0.20	Thu Jan 29 20:47:02 PST 2015	50	0	0	0	Reviewable	NotReviewed	1 cond	1800	60000	Sat Feb 28 20:47:02 PST 2015	https://requester.mturk.com/mturk/manageHIT?HITId=3PUV2Q8SV44X6OZOGRMGA19478VBDS	33OOO72IVHLQJ2LL6JNSF8SR62RCTK	10	Submitted	Fri Jan 30 13:38:37 PST 2015	Thu Jan 29 20:55:49 PST 2015	Thu Jan 29 20:58:37 PST 2015						[]	{}	2.7328
11	3PUV2Q8SV44X6OZOGRMGA19478VBDS	3EVCCKXZAFB1C4B0PB5QNBO2ZX5JXS	Questions and Answers	Participate in a 1-2 minute &quotecharguessing game&quotechar study about how people ask and answer questions! We request that you do not accept this HIT if you have previously participated in one of our Question & Answer experiments.	language research stanford fun cognitive science university	$0.20	Thu Jan 29 20:47:02 PST 2015	50	0	0	0	Reviewable	NotReviewed	1 cond	1800	60000	Sat Feb 28 20:47:02 PST 2015	https://requester.mturk.com/mturk/manageHIT?HITId=3PUV2Q8SV44X6OZOGRMGA19478VBDS	3H7Z272LX77LUEMK2F77DHHHB8KPL8	11	Submitted	Fri Jan 30 13:38:48 PST 2015	Thu Jan 29 20:57:26 PST 2015	Thu Jan 29 20:58:48 PST 2015						[]	{}	1.3248833333333334
12	3PUV2Q8SV44X6OZOGRMGA19478VBDS	3EVCCKXZAFB1C4B0PB5QNBO2ZX5JXS	Questions and Answers	Participate in a 1-2 minute &quotecharguessing game&quotechar study about how people ask and answer questions! We request that you do not accept this HIT if you have previously participated in one of our Question & Answer experiments.	language research stanford fun cognitive science university	$0.20	Thu Jan 29 20:47:02 PST 2015	50	0	0	0	Reviewable	NotReviewed	1 cond	1800	60000	Sat Feb 28 20:47:02 PST 2015	https://requester.mturk.com/mturk/manageHIT?HITId=3PUV2Q8SV44X6OZOGRMGA19478VBDS	36W0OB37HWEDMM50Y3QBCNQO4QHZHV	12	Submitted	Fri Jan 30 13:39:04 PST 2015	Thu Jan 29 20:57:00 PST 2015	Thu Jan 29 20:59:04 PST 2015						[]	{}	2.0333
13	3PUV2Q8SV44X6OZOGRMGA19478VBDS	3EVCCKXZAFB1C4B0PB5QNBO2ZX5JXS	Questions and Answers	Participate in a 1-2 minute &quotecharguessing game&quotechar study about how people ask and answer questions! We request that you do not accept this HIT if you have previously participated in one of our Question & Answer experiments.	language research stanford fun cognitive science university	$0.20	Thu Jan 29 20:47:02 PST 2015	50	0	0	0	Reviewable	NotReviewed	1 cond	1800	60000	Sat Feb 28 20:47:02 PST 2015	https://requester.mturk.com/mturk/manageHIT?HITId=3PUV2Q8SV44X6OZOGRMGA19478VBDS	39K0FND3AHFYDSY3D8QPNZ7BCR9MAQ	13	Submitted	Fri Jan 30 13:39:17 PST 2015	Thu Jan 29 20:48:01 PST 2015	Thu Jan 29 20:59:17 PST 2015						[]	{}	1.4895166666666666
14	3PUV2Q8SV44X6OZOGRMGA19478VBDS	3EVCCKXZAFB1C4B0PB5QNBO2ZX5JXS	Questions and Answers	Participate in a 1-2 minute &quotecharguessing game&quotechar study about how people ask and answer questions! We request that you do not accept this HIT if you have previously participated in one of our Question & Answer experiments.	language research stanford fun cognitive science university	$0.20	Thu Jan 29 20:47:02 PST 2015	50	0	0	0	Reviewable	NotReviewed	1 cond	1800	60000	Sat Feb 28 20:47:02 PST 2015	https://requester.mturk.com/mturk/manageHIT?HITId=3PUV2Q8SV44X6OZOGRMGA19478VBDS	3LEIZ60CDJZK7GNH0R2JZ6S0LDA9ZG	14	Submitted	Fri Jan 30 13:40:14 PST 2015	Thu Jan 29 20:56:10 PST 2015	Thu Jan 29 21:00:14 PST 2015						[]	{}	4.0332333333333334
15	3PUV2Q8SV44X6OZOGRMGA19478VBDS	3EVCCKXZAFB1C4B0PB5QNBO2ZX5JXS	Questions and Answers	Participate in a 1-2 minute &quotecharguessing game&quotechar study about how people ask and answer questions! We request that you do not accept this HIT if you have previously participated in one of our Question & Answer experiments.	language research stanford fun cognitive science university	$0.20	Thu Jan 29 20:47:02 PST 2015	50	0	0	0	Reviewable	NotReviewed	1 cond	1800	60000	Sat Feb 28 20:47:02 PST 2015	https://requester.mturk.com/mturk/manageHIT?HITId=3PUV2Q8SV44X6OZOGRMGA19478VBDS	3IHR8NYAM71PW6FZWN8QR0F6PMOP4E	15	Submitted	Fri Jan 30 13:40:14 PST 2015	Thu Jan 29 20:56:50 PST 2015	Thu Jan 29 21:00:14 PST 2015						[]	{}	3.33925
16	3PUV2Q8SV44X6OZOGRMGA19478VBDS	3EVCCKXZAFB1C4B0PB5QNBO2ZX5JXS	Questions and Answers	Participate in a 1-2 minute &quotecharguessing game&quotechar study about how people ask and answer questions! We request that you do not accept this HIT if you have previously participated in one of our Question & Answer experiments.	language research stanford fun cognitive science university	$0.20	Thu Jan 29 20:47:02 PST 2015	50	0	0	0	Reviewable	NotReviewed	1 cond	1800	60000	Sat Feb 28 20:47:02 PST 2015	https://requester.mturk.com/mturk/manageHIT?HITId=3PUV2Q8SV44X6OZOGRMGA19478VBDS	3OE22WJIGIO9DGATB6EX493ATVYUQX	16	Submitted	Fri Jan 30 13:41:22 PST 2015	Thu Jan 29 20:59:22 PST 2015	Thu Jan 29 21:01:22 PST 2015						[]	{}	1.9743
17	3PUV2Q8SV44X6OZOGRMGA19478VBDS	3EVCCKXZAFB1C4B0PB5QNBO2ZX5JXS	Questions and Answers	Participate in a 1-2 minute &quotecharguessing game&quotechar study about how people ask and answer questions! We request that you do not accept this HIT if you have previously participated in one of our Question & Answer experiments.	language research stanford fun cognitive science university	$0.20	Thu Jan 29 20:47:02 PST 2015	50	0	0	0	Reviewable	NotReviewed	1 cond	1800	60000	Sat Feb 28 20:47:02 PST 2015	https://requester.mturk.com/mturk/manageHIT?HITId=3PUV2Q8SV44X6OZOGRMGA19478VBDS	3J4Q2Z4UTY3M5KZY66TYMXO7EB9WQY	17	Submitted	Fri Jan 30 13:41:41 PST 2015	Thu Jan 29 20:58:55 PST 2015	Thu Jan 29 21:01:41 PST 2015						[]	{}	2.733416666666667
18	3PUV2Q8SV44X6OZOGRMGA19478VBDS	3EVCCKXZAFB1C4B0PB5QNBO2ZX5JXS	Questions and Answers	Participate in a 1-2 minute &quotecharguessing game&quotechar study about how people ask and answer questions! We request that you do not accept this HIT if you have previously participated in one of our Question & Answer experiments.	language research stanford fun cognitive science university	$0.20	Thu Jan 29 20:47:02 PST 2015	50	0	0	0	Reviewable	NotReviewed	1 cond	1800	60000	Sat Feb 28 20:47:02 PST 2015	https://requester.mturk.com/mturk/manageHIT?HITId=3PUV2Q8SV44X6OZOGRMGA19478VBDS	3WYP994K17RXK7BE6YXO1PSWPIYY63	18	Submitted	Fri Jan 30 13:45:35 PST 2015	Thu Jan 29 21:04:06 PST 2015	Thu Jan 29 21:05:35 PST 2015						[]	{}	1.3510833333333334
19	3PUV2Q8SV44X6OZOGRMGA19478VBDS	3EVCCKXZAFB1C4B0PB5QNBO2ZX5JXS	Questions and Answers	Participate in a 1-2 minute &quotecharguessing game&quotechar study about how people ask and answer questions! We request that you do not accept this HIT if you have previously participated in one of our Question & Answer experiments.	language research stanford fun cognitive science university	$0.20	Thu Jan 29 20:47:02 PST 2015	50	0	0	0	Reviewable	NotReviewed	1 cond	1800	60000	Sat Feb 28 20:47:02 PST 2015	https://requester.mturk.com/mturk/manageHIT?HITId=3PUV2Q8SV44X6OZOGRMGA19478VBDS	35DR22AR5DK9NJYMI0DOB893DL1X3P	19	Submitted	Fri Jan 30 13:47:11 PST 2015	Thu Jan 29 21:04:28 PST 2015	Thu Jan 29 21:07:11 PST 2015						[]	{}	2.4203833333333336
20	3PUV2Q8SV44X6OZOGRMGA19478VBDS	3EVCCKXZAFB1C4B0PB5QNBO2ZX5JXS	Questions and Answers	Participate in a 1-2 minute &quotecharguessing game&quotechar study about how people ask and answer questions! We request that you do not accept this HIT if you have previously participated in one of our Question & Answer experiments.	language research stanford fun cognitive science university	$0.20	Thu Jan 29 20:47:02 PST 2015	50	0	0	0	Reviewable	NotReviewed	1 cond	1800	60000	Sat Feb 28 20:47:02 PST 2015	https://requester.mturk.com/mturk/manageHIT?HITId=3PUV2Q8SV44X6OZOGRMGA19478VBDS	3SB4CE2TJVV974X7RFSYYGN9JVTXAL	20	Submitted	Fri Jan 30 13:49:49 PST 2015	Thu Jan 29 21:08:01 PST 2015	Thu Jan 29 21:09:49 PST 2015						[]	{}	1.7379
21	3PUV2Q8SV44X6OZOGRMGA19478VBDS	3EVCCKXZAFB1C4B0PB5QNBO2ZX5JXS	Questions and Answers	Participate in a 1-2 minute &quotecharguessing game&quotechar study about how people ask and answer questions! We request that you do not accept this HIT if you have previously participated in one of our Question & Answer experiments.	language research stanford fun cognitive science university	$0.20	Thu Jan 29 20:47:02 PST 2015	50	0	0	0	Reviewable	NotReviewed	1 cond	1800	60000	Sat Feb 28 20:47:02 PST 2015	https://requester.mturk.com/mturk/manageHIT?HITId=3PUV2Q8SV44X6OZOGRMGA19478VBDS	3ATTHHXXWAOODMG533KBFEBSW3ZIXB	21	Submitted	Fri Jan 30 13:52:53 PST 2015	Thu Jan 29 21:11:47 PST 2015	Thu Jan 29 21:12:53 PST 2015						[]	{}	1.0497333333333334
22	3PUV2Q8SV44X6OZOGRMGA19478VBDS	3EVCCKXZAFB1C4B0PB5QNBO2ZX5JXS	Questions and Answers	Participate in a 1-2 minute &quotecharguessing game&quotechar study about how people ask and answer questions! We request that you do not accept this HIT if you have previously participated in one of our Question & Answer experiments.	language research stanford fun cognitive science university	$0.20	Thu Jan 29 20:47:02 PST 2015	50	0	0	0	Reviewable	NotReviewed	1 cond	1800	60000	Sat Feb 28 20:47:02 PST 2015	https://requester.mturk.com/mturk/manageHIT?HITId=3PUV2Q8SV44X6OZOGRMGA19478VBDS	3SBEHTYCWN3DDR6F8Z6DYSI1Y9TIYH	22	Submitted	Fri Jan 30 13:53:07 PST 2015	Thu Jan 29 21:12:07 PST 2015	Thu Jan 29 21:13:07 PST 2015						[]	{}	0.9175333333333333
23	3PUV2Q8SV44X6OZOGRMGA19478VBDS	3EVCCKXZAFB1C4B0PB5QNBO2ZX5JXS	Questions and Answers	Participate in a 1-2 minute &quotecharguessing game&quotechar study about how people ask and answer questions! We request that you do not accept this HIT if you have previously participated in one of our Question & Answer experiments.	language research stanford fun cognitive science university	$0.20	Thu Jan 29 20:47:02 PST 2015	50	0	0	0	Reviewable	NotReviewed	1 cond	1800	60000	Sat Feb 28 20:47:02 PST 2015	https://requester.mturk.com/mturk/manageHIT?HITId=3PUV2Q8SV44X6OZOGRMGA19478VBDS	38SKSKU7R1XTDSZGPKHN4KG5PUPLIS	23	Submitted	Fri Jan 30 13:53:27 PST 2015	Thu Jan 29 21:12:08 PST 2015	Thu Jan 29 21:13:27 PST 2015						[]	{}	1.2619333333333334
24	3PUV2Q8SV44X6OZOGRMGA19478VBDS	3EVCCKXZAFB1C4B0PB5QNBO2ZX5JXS	Questions and Answers	Participate in a 1-2 minute &quotecharguessing game&quotechar study about how people ask and answer questions! We request that you do not accept this HIT if you have previously participated in one of our Question & Answer experiments.	language research stanford fun cognitive science university	$0.20	Thu Jan 29 20:47:02 PST 2015	50	0	0	0	Reviewable	NotReviewed	1 cond	1800	60000	Sat Feb 28 20:47:02 PST 2015	https://requester.mturk.com/mturk/manageHIT?HITId=3PUV2Q8SV44X6OZOGRMGA19478VBDS	3KKG4CDWKIY44JZSFYCT5AFRKI8945	24	Submitted	Fri Jan 30 13:54:55 PST 2015	Thu Jan 29 21:12:32 PST 2015	Thu Jan 29 21:14:55 PST 2015						[]	{}	2.3320333333333334
25	3PUV2Q8SV44X6OZOGRMGA19478VBDS	3EVCCKXZAFB1C4B0PB5QNBO2ZX5JXS	Questions and Answers	Participate in a 1-2 minute &quotecharguessing game&quotechar study about how people ask and answer questions! We request that you do not accept this HIT if you have previously participated in one of our Question & Answer experiments.	language research stanford fun cognitive science university	$0.20	Thu Jan 29 20:47:02 PST 2015	50	0	0	0	Reviewable	NotReviewed	1 cond	1800	60000	Sat Feb 28 20:47:02 PST 2015	https://requester.mturk.com/mturk/manageHIT?HITId=3PUV2Q8SV44X6OZOGRMGA19478VBDS	3GLB5JMZFXVWJP5TMFJW0VVK18VGDF	25	Submitted	Fri Jan 30 13:55:21 PST 2015	Thu Jan 29 21:13:02 PST 2015	Thu Jan 29 21:15:21 PST 2015						[]	{}	2.27045
26	3PUV2Q8SV44X6OZOGRMGA19478VBDS	3EVCCKXZAFB1C4B0PB5QNBO2ZX5JXS	Questions and Answers	Participate in a 1-2 minute &quotecharguessing game&quotechar study about how people ask and answer questions! We request that you do not accept this HIT if you have previously participated in one of our Question & Answer experiments.	language research stanford fun cognitive science university	$0.20	Thu Jan 29 20:47:02 PST 2015	50	0	0	0	Reviewable	NotReviewed	1 cond	1800	60000	Sat Feb 28 20:47:02 PST 2015	https://requester.mturk.com/mturk/manageHIT?HITId=3PUV2Q8SV44X6OZOGRMGA19478VBDS	3MAOD8E57QAGRNRW0JX3KM79I2TNXW	26	Submitted	Fri Jan 30 13:55:25 PST 2015	Thu Jan 29 21:13:58 PST 2015	Thu Jan 29 21:15:25 PST 2015						[]	{}	1.4163833333333333
27	3PUV2Q8SV44X6OZOGRMGA19478VBDS	3EVCCKXZAFB1C4B0PB5QNBO2ZX5JXS	Questions and Answers	Participate in a 1-2 minute &quotecharguessing game&quotechar study about how people ask and answer questions! We request that you do not accept this HIT if you have previously participated in one of our Question & Answer experiments.	language research stanford fun cognitive science university	$0.20	Thu Jan 29 20:47:02 PST 2015	50	0	0	0	Reviewable	NotReviewed	1 cond	1800	60000	Sat Feb 28 20:47:02 PST 2015	https://requester.mturk.com/mturk/manageHIT?HITId=3PUV2Q8SV44X6OZOGRMGA19478VBDS	3DZQRBDBSLF1R2CNOQ71C0SBY6ZS3C	27	Submitted	Fri Jan 30 13:56:59 PST 2015	Thu Jan 29 20:57:33 PST 2015	Thu Jan 29 21:16:59 PST 2015						[]	{}	2.95585
28	3PUV2Q8SV44X6OZOGRMGA19478VBDS	3EVCCKXZAFB1C4B0PB5QNBO2ZX5JXS	Questions and Answers	Participate in a 1-2 minute &quotecharguessing game&quotechar study about how people ask and answer questions! We request that you do not accept this HIT if you have previously participated in one of our Question & Answer experiments.	language research stanford fun cognitive science university	$0.20	Thu Jan 29 20:47:02 PST 2015	50	0	0	0	Reviewable	NotReviewed	1 cond	1800	60000	Sat Feb 28 20:47:02 PST 2015	https://requester.mturk.com/mturk/manageHIT?HITId=3PUV2Q8SV44X6OZOGRMGA19478VBDS	3WOKGM4L71GQCILXYM89QXK3Y5DO0H	28	Submitted	Fri Jan 30 13:57:18 PST 2015	Thu Jan 29 21:15:37 PST 2015	Thu Jan 29 21:17:18 PST 2015						[]	{}	1.6452333333333333
29	3PUV2Q8SV44X6OZOGRMGA19478VBDS	3EVCCKXZAFB1C4B0PB5QNBO2ZX5JXS	Questions and Answers	Participate in a 1-2 minute &quotecharguessing game&quotechar study about how people ask and answer questions! We request that you do not accept this HIT if you have previously participated in one of our Question & Answer experiments.	language research stanford fun cognitive science university	$0.20	Thu Jan 29 20:47:02 PST 2015	50	0	0	0	Reviewable	NotReviewed	1 cond	1800	60000	Sat Feb 28 20:47:02 PST 2015	https://requester.mturk.com/mturk/manageHIT?HITId=3PUV2Q8SV44X6OZOGRMGA19478VBDS	3M23Y66PO270OLZ57S5ZJ34V8X36SY	29	Submitted	Fri Jan 30 14:00:04 PST 2015	Thu Jan 29 21:18:00 PST 2015	Thu Jan 29 21:20:04 PST 2015						[]	{}	2.01885
30	3PUV2Q8SV44X6OZOGRMGA19478VBDS	3EVCCKXZAFB1C4B0PB5QNBO2ZX5JXS	Questions and Answers	Participate in a 1-2 minute &quotecharguessing game&quotechar study about how people ask and answer questions! We request that you do not accept this HIT if you have previously participated in one of our Question & Answer experiments.	language research stanford fun cognitive science university	$0.20	Thu Jan 29 20:47:02 PST 2015	50	0	0	0	Reviewable	NotReviewed	1 cond	1800	60000	Sat Feb 28 20:47:02 PST 2015	https://requester.mturk.com/mturk/manageHIT?HITId=3PUV2Q8SV44X6OZOGRMGA19478VBDS	3TK8OJTYM1LOQJYEGJ9D0QFJ26MVPX	30	Submitted	Fri Jan 30 14:01:50 PST 2015	Thu Jan 29 21:16:50 PST 2015	Thu Jan 29 21:21:50 PST 2015						[]	{}	4.9603166666666665
31	3PUV2Q8SV44X6OZOGRMGA19478VBDS	3EVCCKXZAFB1C4B0PB5QNBO2ZX5JXS	Questions and Answers	Participate in a 1-2 minute &quotecharguessing game&quotechar study about how people ask and answer questions! We request that you do not accept this HIT if you have previously participated in one of our Question & Answer experiments.	language research stanford fun cognitive science university	$0.20	Thu Jan 29 20:47:02 PST 2015	50	0	0	0	Reviewable	NotReviewed	1 cond	1800	60000	Sat Feb 28 20:47:02 PST 2015	https://requester.mturk.com/mturk/manageHIT?HITId=3PUV2Q8SV44X6OZOGRMGA19478VBDS	3OJSZ2ATDSWIMJFZE6XJW6UZPOF75W	31	Submitted	Fri Jan 30 14:06:29 PST 2015	Thu Jan 29 21:24:37 PST 2015	Thu Jan 29 21:26:29 PST 2015						[]	{}	1.8281666666666667
32	3PUV2Q8SV44X6OZOGRMGA19478VBDS	3EVCCKXZAFB1C4B0PB5QNBO2ZX5JXS	Questions and Answers	Participate in a 1-2 minute &quotecharguessing game&quotechar study about how people ask and answer questions! We request that you do not accept this HIT if you have previously participated in one of our Question & Answer experiments.	language research stanford fun cognitive science university	$0.20	Thu Jan 29 20:47:02 PST 2015	50	0	0	0	Reviewable	NotReviewed	1 cond	1800	60000	Sat Feb 28 20:47:02 PST 2015	https://requester.mturk.com/mturk/manageHIT?HITId=3PUV2Q8SV44X6OZOGRMGA19478VBDS	3G2UL9A02DEE5NFDJP7OOC8ZLJQ76C	32	Submitted	Fri Jan 30 14:07:29 PST 2015	Thu Jan 29 21:26:30 PST 2015	Thu Jan 29 21:27:29 PST 2015						[]	{}	0.9579166666666666
33	3PUV2Q8SV44X6OZOGRMGA19478VBDS	3EVCCKXZAFB1C4B0PB5QNBO2ZX5JXS	Questions and Answers	Participate in a 1-2 minute &quotecharguessing game&quotechar study about how people ask and answer questions! We request that you do not accept this HIT if you have previously participated in one of our Question & Answer experiments.	language research stanford fun cognitive science university	$0.20	Thu Jan 29 20:47:02 PST 2015	50	0	0	0	Reviewable	NotReviewed	1 cond	1800	60000	Sat Feb 28 20:47:02 PST 2015	https://requester.mturk.com/mturk/manageHIT?HITId=3PUV2Q8SV44X6OZOGRMGA19478VBDS	3DL65MZB8DFOUJ3OGOYXGMSQ3S5CEV	33	Submitted	Fri Jan 30 14:10:32 PST 2015	Thu Jan 29 21:27:39 PST 2015	Thu Jan 29 21:30:32 PST 2015						[]	{}	2.8071
34	3PUV2Q8SV44X6OZOGRMGA19478VBDS	3EVCCKXZAFB1C4B0PB5QNBO2ZX5JXS	Questions and Answers	Participate in a 1-2 minute &quotecharguessing game&quotechar study about how people ask and answer questions! We request that you do not accept this HIT if you have previously participated in one of our Question & Answer experiments.	language research stanford fun cognitive science university	$0.20	Thu Jan 29 20:47:02 PST 2015	50	0	0	0	Reviewable	NotReviewed	1 cond	1800	60000	Sat Feb 28 20:47:02 PST 2015	https://requester.mturk.com/mturk/manageHIT?HITId=3PUV2Q8SV44X6OZOGRMGA19478VBDS	3QIYRE09Y3H81M63TQCWPD38DNFN15	34	Submitted	Fri Jan 30 14:14:08 PST 2015	Thu Jan 29 21:32:41 PST 2015	Thu Jan 29 21:34:08 PST 2015						[]	{}	1.4281333333333333
35	3PUV2Q8SV44X6OZOGRMGA19478VBDS	3EVCCKXZAFB1C4B0PB5QNBO2ZX5JXS	Questions and Answers	Participate in a 1-2 minute &quotecharguessing game&quotechar study about how people ask and answer questions! We request that you do not accept this HIT if you have previously participated in one of our Question & Answer experiments.	language research stanford fun cognitive science university	$0.20	Thu Jan 29 20:47:02 PST 2015	50	0	0	0	Reviewable	NotReviewed	1 cond	1800	60000	Sat Feb 28 20:47:02 PST 2015	https://requester.mturk.com/mturk/manageHIT?HITId=3PUV2Q8SV44X6OZOGRMGA19478VBDS	3T3IWE1XG6NUD3V4B1ONZDH8AHSQT3	35	Submitted	Fri Jan 30 14:17:37 PST 2015	Thu Jan 29 21:24:24 PST 2015	Thu Jan 29 21:37:37 PST 2015						[]	{}	13.137433333333334
36	3PUV2Q8SV44X6OZOGRMGA19478VBDS	3EVCCKXZAFB1C4B0PB5QNBO2ZX5JXS	Questions and Answers	Participate in a 1-2 minute &quotecharguessing game&quotechar study about how people ask and answer questions! We request that you do not accept this HIT if you have previously participated in one of our Question & Answer experiments.	language research stanford fun cognitive science university	$0.20	Thu Jan 29 20:47:02 PST 2015	50	0	0	0	Reviewable	NotReviewed	1 cond	1800	60000	Sat Feb 28 20:47:02 PST 2015	https://requester.mturk.com/mturk/manageHIT?HITId=3PUV2Q8SV44X6OZOGRMGA19478VBDS	3EO896NRAWVDRGRRGB4E2C5MWM0JT5	36	Submitted	Fri Jan 30 14:24:00 PST 2015	Thu Jan 29 21:41:53 PST 2015	Thu Jan 29 21:44:00 PST 2015						[]	{}	2.0735166666666665
37	3PUV2Q8SV44X6OZOGRMGA19478VBDS	3EVCCKXZAFB1C4B0PB5QNBO2ZX5JXS	Questions and Answers	Participate in a 1-2 minute &quotecharguessing game&quotechar study about how people ask and answer questions! We request that you do not accept this HIT if you have previously participated in one of our Question & Answer experiments.	language research stanford fun cognitive science university	$0.20	Thu Jan 29 20:47:02 PST 2015	50	0	0	0	Reviewable	NotReviewed	1 cond	1800	60000	Sat Feb 28 20:47:02 PST 2015	https://requester.mturk.com/mturk/manageHIT?HITId=3PUV2Q8SV44X6OZOGRMGA19478VBDS	3X4MXAO0BGOMHLEYJLIYRNYCAXCWR0	37	Submitted	Fri Jan 30 14:26:27 PST 2015	Thu Jan 29 21:44:42 PST 2015	Thu Jan 29 21:46:27 PST 2015						[]	{}	1.7178333333333333
38	3PUV2Q8SV44X6OZOGRMGA19478VBDS	3EVCCKXZAFB1C4B0PB5QNBO2ZX5JXS	Questions and Answers	Participate in a 1-2 minute &quotecharguessing game&quotechar study about how people ask and answer questions! We request that you do not accept this HIT if you have previously participated in one of our Question & Answer experiments.	language research stanford fun cognitive science university	$0.20	Thu Jan 29 20:47:02 PST 2015	50	0	0	0	Reviewable	NotReviewed	1 cond	1800	60000	Sat Feb 28 20:47:02 PST 2015	https://requester.mturk.com/mturk/manageHIT?HITId=3PUV2Q8SV44X6OZOGRMGA19478VBDS	3KIBXJ1WD5USP8S12FIR9HZCC3KKOK	38	Submitted	Fri Jan 30 14:26:46 PST 2015	Thu Jan 29 21:45:38 PST 2015	Thu Jan 29 21:46:46 PST 2015						[]	{}	1.0979333333333334
39	3PUV2Q8SV44X6OZOGRMGA19478VBDS	3EVCCKXZAFB1C4B0PB5QNBO2ZX5JXS	Questions and Answers	Participate in a 1-2 minute &quotecharguessing game&quotechar study about how people ask and answer questions! We request that you do not accept this HIT if you have previously participated in one of our Question & Answer experiments.	language research stanford fun cognitive science university	$0.20	Thu Jan 29 20:47:02 PST 2015	50	0	0	0	Reviewable	NotReviewed	1 cond	1800	60000	Sat Feb 28 20:47:02 PST 2015	https://requester.mturk.com/mturk/manageHIT?HITId=3PUV2Q8SV44X6OZOGRMGA19478VBDS	33LK57MYLT52CVJG9X2AG1XQD10SZB	39	Submitted	Fri Jan 30 14:28:03 PST 2015	Thu Jan 29 21:46:02 PST 2015	Thu Jan 29 21:48:03 PST 2015						[]	{}	1.9879833333333334
40	3PUV2Q8SV44X6OZOGRMGA19478VBDS	3EVCCKXZAFB1C4B0PB5QNBO2ZX5JXS	Questions and Answers	Participate in a 1-2 minute &quotecharguessing game&quotechar study about how people ask and answer questions! We request that you do not accept this HIT if you have previously participated in one of our Question & Answer experiments.	language research stanford fun cognitive science university	$0.20	Thu Jan 29 20:47:02 PST 2015	50	0	0	0	Reviewable	NotReviewed	1 cond	1800	60000	Sat Feb 28 20:47:02 PST 2015	https://requester.mturk.com/mturk/manageHIT?HITId=3PUV2Q8SV44X6OZOGRMGA19478VBDS	3FE7TXL1LIN0T41RSM4RYQ8IA4GQ2C	40	Submitted	Fri Jan 30 14:29:05 PST 2015	Thu Jan 29 21:45:30 PST 2015	Thu Jan 29 21:49:05 PST 2015						[]	{}	3.54635
41	3PUV2Q8SV44X6OZOGRMGA19478VBDS	3EVCCKXZAFB1C4B0PB5QNBO2ZX5JXS	Questions and Answers	Participate in a 1-2 minute &quotecharguessing game&quotechar study about how people ask and answer questions! We request that you do not accept this HIT if you have previously participated in one of our Question & Answer experiments.	language research stanford fun cognitive science university	$0.20	Thu Jan 29 20:47:02 PST 2015	50	0	0	0	Reviewable	NotReviewed	1 cond	1800	60000	Sat Feb 28 20:47:02 PST 2015	https://requester.mturk.com/mturk/manageHIT?HITId=3PUV2Q8SV44X6OZOGRMGA19478VBDS	3TEM0PF1Q5XZ8LU88DUTF384UR7D0A	41	Submitted	Fri Jan 30 14:30:37 PST 2015	Thu Jan 29 21:48:58 PST 2015	Thu Jan 29 21:50:37 PST 2015						[]	{}	1.5989833333333334
42	3PUV2Q8SV44X6OZOGRMGA19478VBDS	3EVCCKXZAFB1C4B0PB5QNBO2ZX5JXS	Questions and Answers	Participate in a 1-2 minute &quotecharguessing game&quotechar study about how people ask and answer questions! We request that you do not accept this HIT if you have previously participated in one of our Question & Answer experiments.	language research stanford fun cognitive science university	$0.20	Thu Jan 29 20:47:02 PST 2015	50	0	0	0	Reviewable	NotReviewed	1 cond	1800	60000	Sat Feb 28 20:47:02 PST 2015	https://requester.mturk.com/mturk/manageHIT?HITId=3PUV2Q8SV44X6OZOGRMGA19478VBDS	3DBQWDE4Y6Y7P47MUDE8S3GPP3K5N5	42	Submitted	Fri Jan 30 14:44:56 PST 2015	Thu Jan 29 22:04:31 PST 2015	Thu Jan 29 22:04:56 PST 2015						[]	{}	0.38295
43	3PUV2Q8SV44X6OZOGRMGA19478VBDS	3EVCCKXZAFB1C4B0PB5QNBO2ZX5JXS	Questions and Answers	Participate in a 1-2 minute &quotecharguessing game&quotechar study about how people ask and answer questions! We request that you do not accept this HIT if you have previously participated in one of our Question & Answer experiments.	language research stanford fun cognitive science university	$0.20	Thu Jan 29 20:47:02 PST 2015	50	0	0	0	Reviewable	NotReviewed	1 cond	1800	60000	Sat Feb 28 20:47:02 PST 2015	https://requester.mturk.com/mturk/manageHIT?HITId=3PUV2Q8SV44X6OZOGRMGA19478VBDS	3OE22WJIGIO9DGATB6EX493ATV0QUV	43	Submitted	Fri Jan 30 14:47:07 PST 2015	Thu Jan 29 22:04:11 PST 2015	Thu Jan 29 22:07:07 PST 2015						[]	{}	2.8753333333333333
44	3PUV2Q8SV44X6OZOGRMGA19478VBDS	3EVCCKXZAFB1C4B0PB5QNBO2ZX5JXS	Questions and Answers	Participate in a 1-2 minute &quotecharguessing game&quotechar study about how people ask and answer questions! We request that you do not accept this HIT if you have previously participated in one of our Question & Answer experiments.	language research stanford fun cognitive science university	$0.20	Thu Jan 29 20:47:02 PST 2015	50	0	0	0	Reviewable	NotReviewed	1 cond	1800	60000	Sat Feb 28 20:47:02 PST 2015	https://requester.mturk.com/mturk/manageHIT?HITId=3PUV2Q8SV44X6OZOGRMGA19478VBDS	374TNBHA8BVQUPUYL7BM7U9NPJBQYT	44	Submitted	Fri Jan 30 14:49:16 PST 2015	Thu Jan 29 22:07:18 PST 2015	Thu Jan 29 22:09:16 PST 2015						[]	{}	1.9366333333333334
45	3PUV2Q8SV44X6OZOGRMGA19478VBDS	3EVCCKXZAFB1C4B0PB5QNBO2ZX5JXS	Questions and Answers	Participate in a 1-2 minute &quotecharguessing game&quotechar study about how people ask and answer questions! We request that you do not accept this HIT if you have previously participated in one of our Question & Answer experiments.	language research stanford fun cognitive science university	$0.20	Thu Jan 29 20:47:02 PST 2015	50	0	0	0	Reviewable	NotReviewed	1 cond	1800	60000	Sat Feb 28 20:47:02 PST 2015	https://requester.mturk.com/mturk/manageHIT?HITId=3PUV2Q8SV44X6OZOGRMGA19478VBDS	38SKSKU7R1XTDSZGPKHN4KG5PUQLIT	45	Submitted	Fri Jan 30 14:52:50 PST 2015	Thu Jan 29 22:08:22 PST 2015	Thu Jan 29 22:12:50 PST 2015						[]	{}	4.408833333333333
46	3PUV2Q8SV44X6OZOGRMGA19478VBDS	3EVCCKXZAFB1C4B0PB5QNBO2ZX5JXS	Questions and Answers	Participate in a 1-2 minute &quotecharguessing game&quotechar study about how people ask and answer questions! We request that you do not accept this HIT if you have previously participated in one of our Question & Answer experiments.	language research stanford fun cognitive science university	$0.20	Thu Jan 29 20:47:02 PST 2015	50	0	0	0	Reviewable	NotReviewed	1 cond	1800	60000	Sat Feb 28 20:47:02 PST 2015	https://requester.mturk.com/mturk/manageHIT?HITId=3PUV2Q8SV44X6OZOGRMGA19478VBDS	3YWRV122CSZ37CAXPCXXIIIAZPEU8O	46	Submitted	Fri Jan 30 14:58:49 PST 2015	Thu Jan 29 22:16:31 PST 2015	Thu Jan 29 22:18:49 PST 2015						[]	{}	2.2719666666666667
47	3PUV2Q8SV44X6OZOGRMGA19478VBDS	3EVCCKXZAFB1C4B0PB5QNBO2ZX5JXS	Questions and Answers	Participate in a 1-2 minute &quotecharguessing game&quotechar study about how people ask and answer questions! We request that you do not accept this HIT if you have previously participated in one of our Question & Answer experiments.	language research stanford fun cognitive science university	$0.20	Thu Jan 29 20:47:02 PST 2015	50	0	0	0	Reviewable	NotReviewed	1 cond	1800	60000	Sat Feb 28 20:47:02 PST 2015	https://requester.mturk.com/mturk/manageHIT?HITId=3PUV2Q8SV44X6OZOGRMGA19478VBDS	3U5NZHP4LR2J8I3UBUS9LPOAURDHPV	47	Submitted	Fri Jan 30 14:59:29 PST 2015	Thu Jan 29 22:16:52 PST 2015	Thu Jan 29 22:19:29 PST 2015						[]	{}	2.57905
48	3PUV2Q8SV44X6OZOGRMGA19478VBDS	3EVCCKXZAFB1C4B0PB5QNBO2ZX5JXS	Questions and Answers	Participate in a 1-2 minute &quotecharguessing game&quotechar study about how people ask and answer questions! We request that you do not accept this HIT if you have previously participated in one of our Question & Answer experiments.	language research stanford fun cognitive science university	$0.20	Thu Jan 29 20:47:02 PST 2015	50	0	0	0	Reviewable	NotReviewed	1 cond	1800	60000	Sat Feb 28 20:47:02 PST 2015	https://requester.mturk.com/mturk/manageHIT?HITId=3PUV2Q8SV44X6OZOGRMGA19478VBDS	33LKR6A5KEK6WZBNQMY8YC902521TL	48	Submitted	Fri Jan 30 15:09:54 PST 2015	Thu Jan 29 22:27:43 PST 2015	Thu Jan 29 22:29:54 PST 2015						[]	{}	2.1263666666666667
49	3PUV2Q8SV44X6OZOGRMGA19478VBDS	3EVCCKXZAFB1C4B0PB5QNBO2ZX5JXS	Questions and Answers	Participate in a 1-2 minute &quotecharguessing game&quotechar study about how people ask and answer questions! We request that you do not accept this HIT if you have previously participated in one of our Question & Answer experiments.	language research stanford fun cognitive science university	$0.20	Thu Jan 29 20:47:02 PST 2015	50	0	0	0	Reviewable	NotReviewed	1 cond	1800	60000	Sat Feb 28 20:47:02 PST 2015	https://requester.mturk.com/mturk/manageHIT?HITId=3PUV2Q8SV44X6OZOGRMGA19478VBDS	3IJXV6UZ1XJ4GQUTU4EJQWP4VMFRIP	49	Submitted	Fri Jan 30 15:10:25 PST 2015	Thu Jan 29 22:25:19 PST 2015	Thu Jan 29 22:30:25 PST 2015						[]	{}	1.28415